,term,cocacola_2003_csr,cocacola_2004_csr,cocacola_2005_csr,cocacola_2006_csr,cocacola_2006_csr_add1,cocacola_20072008_csr,cocacola_20082009_csr,cocacola_20092010_csr,cocacola_20102011_csr,cocacola_20112012_csr,cocacola_20122013_csr,cocacola_20132014_csr,cocacola_20142015_csr,cocacola_2021_csr,pepsico_2006_csr,pepsico_2007_csr,pepsico_2008_csr,pepsico_2009_csr,pepsico_2010_csr,pepsico_20112012_csr,pepsico_2013_csr,pepsico_2014_csr,pepsico_2021_csr
0,inclusion,0.00302395366154866,0.0,0.0,0.0,0.0,0.0,0.003721444472849703,0.0018764537192538522,0.0037357822539992604,0.0,0.0064416808391604755,0.015052304058933387,0.0068253133758739825,0.019618016274005078,0.0365686957321361,0.036199388547321035,0.03150105175823999,0.06333928388576697,0.018737888058263687,0.012668308632398942,0.008450645503620735,0.008722824603288215,0.014723000704019553
1,equity,0.0,0.0,0.0,0.014674343747337726,0.0,0.004079236316540892,0.0,0.0,0.0,0.0,0.0012100051695574324,0.0,0.0014957444783964531,0.035579770817899994,0.003796061077511651,0.0019832435728289895,0.0024364763225784153,0.003965883173013178,0.004927614201398312,0.0,0.0,0.0,0.025811968823359045
2,diversity,0.0,0.0020151432134577125,0.0,0.017932367605781506,0.0,0.051273417679344846,0.023918643287461603,0.020675025894015604,0.011433712261965791,0.0,0.020278665135208207,0.04606898951490608,0.014622658589847633,0.022981891780452693,0.04506330176399179,0.040161964658527796,0.03402773854367271,0.06369548500176546,0.027527551347074325,0.018610822909957175,0.03103679257949394,0.02402732114992583,0.01126528142146589
